USE `inter-net-bdd`;

insert into skills (ID_skills, Name, Del) values (1, 'OTN', 0);
insert into skills (ID_skills, Name, Del) values (2, 'PC Games', 0);
insert into skills (ID_skills, Name, Del) values (3, 'DPR', 0);
insert into skills (ID_skills, Name, Del) values (4, 'RCRA', 0);
insert into skills (ID_skills, Name, Del) values (5, 'Microsoft Publisher', 0);
insert into skills (ID_skills, Name, Del) values (6, 'Hazard Recognition', 0);
insert into skills (ID_skills, Name, Del) values (7, 'Sony HDV', 0);
insert into skills (ID_skills, Name, Del) values (8, 'SX.enterprise', 0);
insert into skills (ID_skills, Name, Del) values (9, 'Substance Abuse Prevention', 0);
insert into skills (ID_skills, Name, Del) values (10, 'CBD', 0);
insert into skills (ID_skills, Name, Del) values (11, 'Knowledge Discovery', 0);
insert into skills (ID_skills, Name, Del) values (12, 'RCCA', 0);
insert into skills (ID_skills, Name, Del) values (13, 'Cinema 4D', 0);
insert into skills (ID_skills, Name, Del) values (14, 'FPLC', 0);
insert into skills (ID_skills, Name, Del) values (15, 'xPression', 0);
insert into skills (ID_skills, Name, Del) values (16, 'Slide Shows', 0);
insert into skills (ID_skills, Name, Del) values (17, 'Network Architecture', 0);
insert into skills (ID_skills, Name, Del) values (18, 'Occupational Health', 0);
insert into skills (ID_skills, Name, Del) values (19, 'Ethernet', 0);
insert into skills (ID_skills, Name, Del) values (20, 'DLX', 0);
insert into skills (ID_skills, Name, Del) values (21, 'Agile Application Development', 0);
insert into skills (ID_skills, Name, Del) values (22, 'Internal Audit', 0);
insert into skills (ID_skills, Name, Del) values (23, 'Yin Yoga', 0);
insert into skills (ID_skills, Name, Del) values (24, 'Military Logistics', 0);
insert into skills (ID_skills, Name, Del) values (25, 'DMS-100', 0);
insert into skills (ID_skills, Name, Del) values (26, 'ALM', 0);
insert into skills (ID_skills, Name, Del) values (27, 'ATP', 0);
insert into skills (ID_skills, Name, Del) values (28, 'WSH', 0);
insert into skills (ID_skills, Name, Del) values (29, 'JCAHO', 0);
insert into skills (ID_skills, Name, Del) values (30, 'Black &amp; White Photography', 0);

INSERT INTO location (ID_location, City, Zip_code, Departement, Del) VALUES ('1', 'Paris', '75000', '75', 0);
INSERT INTO location (ID_location, City, Zip_code, Departement, Del) VALUES ('2', 'Marseille', '13000', '13', 0);
INSERT INTO location (ID_location, City, Zip_code, Departement, Del) VALUES ('3', 'Lyon', '69000', '69', 0);
INSERT INTO location (ID_location, City, Zip_code, Departement, Del) VALUES ('4', 'Toulouse', '31000', '31', 0);
INSERT INTO location (ID_location, City, Zip_code, Departement, Del) VALUES ('5', 'Nice', '06000', '06', 0);
INSERT INTO location (ID_location, City, Zip_code, Departement, Del) VALUES ('6', 'Nantes', '44000', '44', 0);
INSERT INTO location (ID_location, City, Zip_code, Departement, Del) VALUES ('7', 'Strasbourg', '67000', '67', 0);
INSERT INTO location (ID_location, City, Zip_code, Departement, Del) VALUES ('8', 'Montpellier', '34000', '34', 0);
INSERT INTO location (ID_location, City, Zip_code, Departement, Del) VALUES ('9', 'Bordeaux', '33000', '33', 0);
INSERT INTO location (ID_location, City, Zip_code, Departement, Del) VALUES ('10', 'Lille', '59000', '59', 0);
INSERT INTO location (ID_location, City, Zip_code, Departement, Del) VALUES ('11', 'Rennes', '35000', '35', 0);
INSERT INTO location (ID_location, City, Zip_code, Departement, Del) VALUES ('12', 'Reims', '51100', '51', 0);
INSERT INTO location (ID_location, City, Zip_code, Departement, Del) VALUES ('13', 'Le Havre', '76600', '76', 0);
INSERT INTO location (ID_location, City, Zip_code, Departement, Del) VALUES ('14', 'Cergy', '95000', '95', 0);
INSERT INTO location (ID_location, City, Zip_code, Departement, Del) VALUES ('15', 'Saint-Étienne', '42000', '42', 0);
INSERT INTO location (ID_location, City, Zip_code, Departement, Del) VALUES ('16', 'Toulon', '83000', '83', 0);
INSERT INTO location (ID_location, City, Zip_code, Departement, Del) VALUES ('17', 'Angers', '49000', '49', 0);
INSERT INTO location (ID_location, City, Zip_code, Departement, Del) VALUES ('18', 'Grenoble', '38000', '38', 0);
INSERT INTO location (ID_location, City, Zip_code, Departement, Del) VALUES ('19', 'Dijon', '21000', '21', 0);
INSERT INTO location (ID_location, City, Zip_code, Departement, Del) VALUES ('20', 'Nîmes', '30000', '30', 0);

INSERT INTO sector (ID_sector, Name, Del) VALUES ('1', 'Agroalimentaire', 0);
INSERT INTO sector (ID_sector, Name, Del) VALUES ('2', 'Banque / Assurance', 0);
INSERT INTO sector (ID_sector, Name, Del) VALUES ('3', 'Bois / Papier / Carton / Imprimerie', 0);
INSERT INTO sector (ID_sector, Name, Del) VALUES ('4', 'BTP / Matériaux de construction', 0);
INSERT INTO sector (ID_sector, Name, Del) VALUES ('5', 'Chimie / Parachimie', 0);
INSERT INTO sector (ID_sector, Name, Del) VALUES ('6', 'Commerce / Négoce / Distribution', 0);
INSERT INTO sector (ID_sector, Name, Del) VALUES ('7', 'Édition / Communication / Multimédia', 0);
INSERT INTO sector (ID_sector, Name, Del) VALUES ('8', 'Électronique / Électricité', 0);
INSERT INTO sector (ID_sector, Name, Del) VALUES ('9', 'Études et conseils', 0);
INSERT INTO sector (ID_sector, Name, Del) VALUES ('10', 'Industrie pharmaceutique', 0);
INSERT INTO sector (ID_sector, Name, Del) VALUES ('11', 'Informatique / Télécoms', 0);
INSERT INTO sector (ID_sector, Name, Del) VALUES ('12', 'Machines et équipements / Automobile', 0);
INSERT INTO sector (ID_sector, Name, Del) VALUES ('13', 'Métallurgie / Travail du métal', 0);
INSERT INTO sector (ID_sector, Name, Del) VALUES ('14', 'Plastique / Caoutchouc', 0);
INSERT INTO sector (ID_sector, Name, Del) VALUES ('15', 'Services aux entreprises', 0);
INSERT INTO sector (ID_sector, Name, Del) VALUES ('16', 'Textile / Habillement / Chaussure', 0);
INSERT INTO sector (ID_sector, Name, Del) VALUES ('17', 'Transports / Logistique', 0);

INSERT INTO company (id_location, ID_company, Name, SIRET, Creation_date, Staff, Type, Company_description, Del, ID_sector) VALUES 
(1,1, 'Total', '12345678900010', '1924-03-28', 173, 'Grande Entreprise', 'Entreprise pétrolière et gazière', 0, 3),
(2,2, 'EDF', '98765432100020', '1946-04-08', 88, 'PME', 'Fournisseur d électricité', 0, 14),
(3,3, 'Airbus', '56789012300030', '1970-12-18', 256, 'Start-up', 'Industrie aérospatiale', 0, 8),
(4,4, 'Orange', '34567890100040', '1988-05-01', 141, 'Grande Entreprise', 'Opérateur de télécommunications', 0, 5),
(5,5, 'L Oréal', '23456789000050', '1909-07-30', 72, 'Grande Entreprise', 'Cosmétiques et produits de beauté', 0, 10),
(6,6, 'BNP Paribas', '78901234500060', '2000-07-23', 189, 'PME', 'Services bancaires et financiers', 0, 7),
(7,7, 'Renault', '45678901200070', '1899-02-25', 134, 'Start-up', 'Constructeur automobile', 0, 2),
(8,8, 'Sanofi', '56789012300080', '2004-08-20', 198, 'Grande Entreprise', 'Industrie pharmaceutique', 0, 15),
(9,9, 'Capgemini', '67890123400090', '1967-10-01', 113, 'PME', 'Services informatiques et de conseil', 0, 4),
(10,10, 'AXA', '78901234500100', '1985-09-26', 200, 'Start-up', 'Assurance et gestion d actifs', 0, 12),
(11,11, 'Danone', '89012345600110', '1919-04-02', 54, 'Grande Entreprise', 'Produits alimentaires et boissons', 0, 17),
(12,12, 'Engie', '90123456700120', '2008-07-22', 299, 'PME', 'Services énergétiques', 0, 11),
(13,13, 'Veolia', '12345678900130', '1853-03-14', 125, 'Grande Entreprise', 'Services environnementaux', 0, 6),
(14,14, 'Société Générale', '23456789000140', '1864-05-04', 46, 'PME', 'Services bancaires et financiers', 0, 9),
(15,15, 'Schneider Electric', '34567890100150', '1836-03-02', 178, 'Grande Entreprise', 'Gestion de l énergie et automatisation', 0, 1),
(16,16, 'LVMH', '45678901200160', '1987-01-01', 99, 'PME', 'Luxe et produits de haute qualité', 0, 16),
(17,17, 'Auchan', '56789012300170', '1961-01-01', 221, 'Grande Entreprise', 'Distribution et commerce de détail', 0, 13),
(18,18, 'AccorHotels', '67890123400180', '1967-08-19', 27, 'Start-up', 'Hôtellerie et services', 0, 14),
(19,19, 'Dassault Systèmes', '78901234500190', '1981-06-24', 123, 'Grande Entreprise', 'Solutions logicielles et de conception', 0, 8),
(20,20, 'Thales', '89012345600200', '1893-12-18', 157, 'PME', 'Technologies de l énergie et de la défense', 0, 5);

insert into promotion (Name, Del, ID_location) values ('CESI_CPIA2_Informatique', 0, 10);
insert into promotion (Name, Del, ID_location) values ('Fac_Master1_Droit', 0, 2);
insert into promotion (Name, Del, ID_location) values ('IUT_BUT1_robotique', 0, 20);

INSERT INTO internship (Title, Duration, Starting_date, Hourly_rate, Max_places, Advantages, Worktime, Description, Del, ID_company, ID_location, ID_promotion)
VALUES ('Stage en développement web', 3, '2024-03-15', 15.5, 5, 'Tickets restaurant', 35, 'Description du stage en développement web', 0, 1, 10,1);
INSERT INTO internship (Title, Duration, Starting_date, Hourly_rate, Max_places, Advantages, Worktime, Description, Del, ID_company, ID_location, ID_promotion)
VALUES ('Stage en marketing digital', 2, '2024-04-10', 12.75, 3, 'Remboursement des frais de transport', 30, 'Description du stage en marketing digital', 0, 2, 12,1);
INSERT INTO internship (Title, Duration, Starting_date, Hourly_rate, Max_places, Advantages, Worktime, Description, Del, ID_company, ID_location, ID_promotion)
VALUES ('Stage en gestion de projet', 4, '2024-05-20', 18.25, 4, 'Possibilité de télétravail', 40, 'Description du stage en gestion de projet', 0, 3, 7,1);
INSERT INTO internship (Title, Duration, Starting_date, Hourly_rate, Max_places, Advantages, Worktime, Description, Del, ID_company, ID_location, ID_promotion)
VALUES ('Stage en design graphique', 3, '2024-06-05', 14.0, 2, 'Accès gratuit à la salle de sport', 35, 'Description du stage en design graphique', 0, 4, 5,1);
INSERT INTO internship (Title, Duration, Starting_date, Hourly_rate, Max_places, Advantages, Worktime, Description, Del, ID_company, ID_location, ID_promotion)
VALUES ('Stage en développement logiciel', 6, '2024-07-12', 20.0, 6, 'Prise en charge de la mutuelle', 40, 'Description du stage en développement logiciel', 0, 5, 1,1);
INSERT INTO internship (Title, Duration, Starting_date, Hourly_rate, Max_places, Advantages, Worktime, Description, Del, ID_company, ID_location, ID_promotion)
VALUES ('Stage en communication', 3, '2024-08-08', 16.5, 4, 'Tickets restaurant', 35, 'Description du stage en communication', 0, 6, 9,1);
INSERT INTO internship (Title, Duration, Starting_date, Hourly_rate, Max_places, Advantages, Worktime, Description, Del, ID_company, ID_location, ID_promotion)
VALUES ('Stage en ressources humaines', 5, '2024-09-25', 19.75, 3, 'Remboursement des frais de transport', 40, 'Description du stage en ressources humaines', 0, 7, 2,1);
INSERT INTO internship (Title, Duration, Starting_date, Hourly_rate, Max_places, Advantages, Worktime, Description, Del, ID_company, ID_location, ID_promotion)
VALUES ('Stage en finance', 4, '2024-10-14', 18.0, 5, 'Possibilité de télétravail', 35, 'Description du stage en finance', 0, 8, 9,1);
INSERT INTO internship (Title, Duration, Starting_date, Hourly_rate, Max_places, Advantages, Worktime, Description, Del, ID_company, ID_location, ID_promotion)
VALUES ('Stage en relations publiques', 3, '2024-11-30', 15.25, 2, 'Accès gratuit à la salle de sport', 30, 'Description du stage en relations publiques', 0, 9, 15,1);
INSERT INTO internship (Title, Duration, Starting_date, Hourly_rate, Max_places, Advantages, Worktime, Description, Del, ID_company, ID_location, ID_promotion)
VALUES ('Stage en développement mobile', 6, '2024-12-22', 21.0, 4, 'Prise en charge de la mutuelle', 40, 'Description du stage en développement mobile', 0, 10, 10,1);
INSERT INTO internship (Title, Duration, Starting_date, Hourly_rate, Max_places, Advantages, Worktime, Description, Del, ID_company, ID_location, ID_promotion)
VALUES ('Stage en design d\'expérience utilisateur', 3, '2025-01-18', 17.5, 3, 'Tickets restaurant', 35, 'Description du stage en design d\'expérience utilisateur', 0, 11, 19,1);
INSERT INTO internship (Title, Duration, Starting_date, Hourly_rate, Max_places, Advantages, Worktime, Description, Del, ID_company, ID_location, ID_promotion)
VALUES ('Stage en gestion des opérations', 5, '2025-02-07', 19.25, 5, 'Remboursement des frais de transport', 40, 'Description du stage en gestion des opérations', 0, 12, 20,1);
INSERT INTO internship (Title, Duration, Starting_date, Hourly_rate, Max_places, Advantages, Worktime, Description, Del, ID_company, ID_location, ID_promotion)
VALUES ('Stage en marketing de contenu', 4, '2025-03-15', 18.0, 2, 'Possibilité de télétravail', 35, 'Description du stage en marketing de contenu', 0, 13, 3,1);
INSERT INTO internship (Title, Duration, Starting_date, Hourly_rate, Max_places, Advantages, Worktime, Description, Del, ID_company, ID_location, ID_promotion)
VALUES ('Stage en développement de jeux vidéo', 6, '2025-04-10', 21.5, 6, 'Accès gratuit à la salle de sport', 40, 'Description du stage en développement de jeux vidéo', 0, 14, 14,1);
INSERT INTO internship (Title, Duration, Starting_date, Hourly_rate, Max_places, Advantages, Worktime, Description, Del, ID_company, ID_location, ID_promotion)
VALUES ('Stage en relations internationales', 3, '2025-05-20', 16.75, 4, 'Prise en charge de la mutuelle', 35, 'Description du stage en relations internationales', 0, 15, 11,1);
INSERT INTO internship (Title, Duration, Starting_date, Hourly_rate, Max_places, Advantages, Worktime, Description, Del, ID_company, ID_location, ID_promotion)
VALUES ('Stage en analyse de données', 5, '2025-06-05', 20.25, 3, 'Tickets restaurant', 30, 'Description du stage en analyse de données', 0, 16, 6,1);
INSERT INTO internship (Title, Duration, Starting_date, Hourly_rate, Max_places, Advantages, Worktime, Description, Del, ID_company, ID_location, ID_promotion)
VALUES ('Stage en gestion de la chaîne logistique', 4, '2025-07-12', 19.0, 5, 'Remboursement des frais de transport', 35, 'Description du stage en gestion de la chaîne logistique', 0, 17, 10,1);
INSERT INTO internship (Title, Duration, Starting_date, Hourly_rate, Max_places, Advantages, Worktime, Description, Del, ID_company, ID_location, ID_promotion)
VALUES ('Stage en développement d\'applications', 6, '2025-08-08', 22.0, 2, 'Possibilité de télétravail', 40, 'Description du stage en développement d\'applications', 0, 18, 16,1);
INSERT INTO internship (Title, Duration, Starting_date, Hourly_rate, Max_places, Advantages, Worktime, Description, Del, ID_company, ID_location, ID_promotion)
VALUES ('Stage en design industriel', 3, '2025-09-25', 17.25, 4, 'Accès gratuit à la salle de sport', 35, 'Description du stage en design industriel', 0, 19, 12,1);
INSERT INTO internship (Title, Duration, Starting_date, Hourly_rate, Max_places, Advantages, Worktime, Description, Del, ID_company, ID_location, ID_promotion)
VALUES ('Stage en comptabilité', 5, '2025-10-14', 20.0, 6, 'Prise en charge de la mutuelle', 40, 'Description du stage en comptabilité', 0, 20, 2,1);
INSERT INTO internship (Title, Duration, Starting_date, Hourly_rate, Max_places, Advantages, Worktime, Description, Del, ID_company, ID_location, ID_promotion)
VALUES ('Stage en publicité', 4, '2025-11-30', 18.5, 3, 'Tickets restaurant', 35, 'Description du stage en publicité', 0, 1, 20,1);
INSERT INTO internship (Title, Duration, Starting_date, Hourly_rate, Max_places, Advantages, Worktime, Description, Del, ID_company, ID_location, ID_promotion)
VALUES ('Stage en développement de logiciels embarqués', 6, '2025-12-22', 23.0, 5, 'Remboursement des frais de transport', 40, 'Description du stage en développement de logiciels embarqués', 0, 2, 6,1);
INSERT INTO internship (Title, Duration, Starting_date, Hourly_rate, Max_places, Advantages, Worktime, Description, Del, ID_company, ID_location, ID_promotion)
VALUES ('Stage en design de mode', 3, '2026-01-18', 18.25, 2, 'Possibilité de télétravail', 35, 'Description du stage en design de mode', 0, 3, 19,1);
INSERT INTO internship (Title, Duration, Starting_date, Hourly_rate, Max_places, Advantages, Worktime, Description, Del, ID_company, ID_location, ID_promotion)
VALUES ('Stage en gestion de la qualité', 5, '2026-02-07', 21.75, 4, 'Accès gratuit à la salle de sport', 30, 'Description du stage en gestion de la qualité', 0, 4, 12,1);
INSERT INTO internship (Title, Duration, Starting_date, Hourly_rate, Max_places, Advantages, Worktime, Description, Del, ID_company, ID_location, ID_promotion)
VALUES ('Stage en droit des affaires', 4, '2026-03-15', 20.0, 6, 'Prise en charge de la mutuelle', 35, 'Description du stage en droit des affaires', 0, 5, 13,1);




INSERT INTO users (Login, Password, Name, Surname, Birth_date, Profile_Description, Email, Role, Del)
VALUES ('mmanchester0', 'gX6)v+U$5V', 'Jennine', 'Myrwyn', '2002-05-31', 'Passionné de développement web et d innovation technologique.', 'mphilpott0@eventbrite.com', 3, 0);
INSERT INTO users (Login, Password, Name, Surname, Birth_date, Profile_Description, Email, Role, Del)
VALUES ('nmatejka1', 'nV5"+A%I', 'Sydney', 'Neale', '2003-11-12', 'Intéressé par le marketing digital et l analyse de données.', 'nmassingham1@usda.gov', 3, 0);
INSERT INTO users (Login, Password, Name, Surname, Birth_date, Profile_Description, Email, Role, Del)
VALUES ('rburmaster2', 'hX8.=bh}O5', 'Blisse', 'Rodger', '2005-06-21', 'Passionné par le développement logiciel et la cybersécurité.', 'rdimitrov2@comcast.net', 3, 0);
INSERT INTO users (Login, Password, Name, Surname, Birth_date, Profile_Description, Email, Role, Del)
VALUES ('hkissick3', 'mQ5*93~V}tso', 'Eduino', 'Haily', '2005-03-13', 'Intéressé par l intelligence artificielle et la robotique.', 'hallmark3@mysql.com', 3, 0);
INSERT INTO users (Login, Password, Name, Surname, Birth_date, Profile_Description, Email, Role, Del)
VALUES ('wwhyberd4', 'qL1*<RItS&K''f', 'Eward', 'Wilek', '2001-01-22', 'Passionné par l ingénierie logicielle et le développement d applications.', 'wcassam4@studiopress.com', 3, 0);
INSERT INTO users (Login, Password, Name, Surname, Birth_date, Profile_Description, Email, Role, Del)
VALUES ('gphillips5', 'fG1=%OYDtV', 'Traver', 'Gena', '2005-10-16', 'Amateur de jeux vidéo et de réalité virtuelle.', 'gshortin5@123-reg.co.uk', 3, 0);
INSERT INTO users (Login, Password, Name, Surname, Birth_date, Profile_Description, Email, Role, Del)
VALUES ('hiskowitz6', 'jE4QH,p8N', 'Skell', 'Helen', '2000-07-24', 'Passionné par l entrepreneuriat et le développement de start-ups.', 'hlinzee6@delicious.com', 3, 0);
INSERT INTO users (Login, Password, Name, Surname, Birth_date, Profile_Description, Email, Role, Del)
VALUES ('krizzardi7', 'eH2/bC6?pB?AwWq', 'Jacquenette', 'Karry', '2004-06-26', 'Intéressé par la gestion de projet et la planification stratégique.', 'kworsnop7@ebay.co.uk', 3, 0);
INSERT INTO users (Login, Password, Name, Surname, Birth_date, Profile_Description, Email, Role, Del)
VALUES ('kfurman8', 'xE8)\Q#u', 'Deane', 'Kaiser', '2002-06-13', 'Passionné par la finance et l analyse financière.', 'kphuprate8@acquirethisname.com', 3, 0);
INSERT INTO users (Login, Password, Name, Surname, Birth_date, Profile_Description, Email, Role, Del)
VALUES ('fkeddie9', 'fX4)UJvY342CY', 'Elna', 'Franni', '2001-07-27', 'Amateur de design graphique et de création artistique.', 'faskin9@issuu.com', 3, 0);
INSERT INTO users (Login, Password, Name, Surname, Birth_date, Profile_Description, Email, Role, Del)
VALUES ('cmorsheada', 'hO7''9Ow8SQ6/', 'Moishe', 'Corrie', '2000-12-21', 'Passionné par le développement de jeux vidéo et l animation.', 'cforana@vistaprint.com', 3, 0);
INSERT INTO users (Login, Password, Name, Surname, Birth_date, Profile_Description, Email, Role, Del)
VALUES ('aloftieb', 'bZ7>h,i*QZ0f".{v', 'Kerianne', 'Aloise', '2002-07-25', 'Intéressé par le design d expérience utilisateur et l ergonomie.', 'aoharneyb@wiley.com', 3, 0);
INSERT INTO users (Login, Password, Name, Surname, Birth_date, Profile_Description, Email, Role, Del)
VALUES ('bclamoc', 'lH4>$DR9u+', 'Rahal', 'Bertram', '2002-11-24', 'Passionné par l analyse de données et la visualisation.', 'bclarksonc@networkadvertising.org', 3, 0);
INSERT INTO users (Login, Password, Name, Surname, Birth_date, Profile_Description, Email, Role, Del)
VALUES ('dstowted', 'mA1%8,<4Et!xtm9', 'Janessa', 'Delainey', '2001-09-22', 'Amateur de photographie et de retouche d image.', 'dbecomd@google.it', 3, 0);
INSERT INTO users (Login, Password, Name, Surname, Birth_date, Profile_Description, Email, Role, Del)
VALUES ('csounesse', 'aQ5''!m}"q''', 'Niall', 'Carita', '2000-07-13', 'Intéressé par la programmation et le développement logiciel.', 'cfollose@amazon.de', 3, 0);
INSERT INTO users (Login, Password, Name, Surname, Birth_date, Profile_Description, Email, Role, Del)
VALUES ('mbohlf', 'oS0"8I{oQgY', 'Bret', 'Merissa', '2001-03-31', 'Amateur de musique et de production audiovisuelle.', 'mdafyddf@twitter.com', 2, 0);
INSERT INTO users (Login, Password, Name, Surname, Birth_date, Profile_Description, Email, Role, Del)
VALUES ('ibooelng', 'qA7~TB0NF=', 'Sybyl', 'Irita', '2000-05-11', 'Passionné par l exploration spatiale et l astronomie.', 'icapplemang@gravatar.com', 2, 0);
INSERT INTO users (Login, Password, Name, Surname, Birth_date, Profile_Description, Email, Role, Del)
VALUES ('gmarch', 'yE2.zNxumWu', 'Herb', 'Gabbi', '2004-06-19', 'Intéressé par la biologie et les sciences de la vie.', 'gpeckitth@ihg.com', 2, 0);
INSERT INTO users (Login, Password, Name, Surname, Birth_date, Profile_Description, Email, Role, Del)
VALUES ('alinfordi', 'xV2''Q9g88B_49`a', 'Melania', 'Ansell', '2000-11-10', 'Passionné par l histoire et la recherche archéologique.', 'apresswelli@sphinn.com', 2, 0);
INSERT INTO users (Login, Password, Name, Surname, Birth_date, Profile_Description, Email, Role, Del)
VALUES ('sschohierj', 'xA8#(~Ky/W+RAV', 'Shea', 'Shalna', '2005-06-23', 'Amateur de littérature et de poésie.', 'sdurbanj@dailymail.co.uk', 2, 0);
INSERT INTO users (Login, Password, Name, Surname, Birth_date, Profile_Description, Email, Role, Del)
VALUES ('cbrighteyk', 'uL4/A}!whQ?', 'Dorise', 'Christean', '2004-02-02', 'Passionné par la cuisine et la gastronomie.', 'csantorinik@scribd.com', 1, 0);
INSERT INTO users (Login, Password, Name, Surname, Birth_date, Profile_Description, Email, Role, Del)
VALUES ('fblowl', 'kL3?|$Sedr|nq*', 'Harmony', 'Florry', '2004-11-16', 'Amateur de voyages et de découvertes culturelles.', 'ferrattl@symantec.com', 1, 0);
INSERT INTO users (Login, Password, Name, Surname, Birth_date, Profile_Description, Email, Role, Del)
VALUES ('cbodocsm', 'yE9/#akB~9', 'Sascha', 'Chas', '2002-05-23', 'Passionné par les sports et l activité physique.', 'cwissbeym@youtube.com', 1, 0);

INSERT INTO rate (ID_rate, Note, Description, Del, ID_company, ID_users) VALUES
(1, 8, 'Stage très enrichissant', 0, 15, 7),
(2, 5, 'Expérience moyenne', 0, 4, 14),
(3, 9, 'Excellent encadrement', 0, 18, 10),
(4, 6, 'Travail intéressant', 0, 11, 3),
(5, 7, 'Bonne ambiance', 0, 8, 11),
(6, 3, 'Difficultés dans la communication', 0, 7, 2),
(7, 10, 'Projet passionnant', 0, 3, 6),
(8, 4, 'Manque d''organisation', 0, 2, 7),
(9, 8, 'Équipe motivée', 0, 19, 15),
(10, 2, 'Expérience décevante', 0, 14, 8),
(11, 6, 'Travail collaboratif apprécié', 0, 1, 5),
(12, 9, 'Encadrement professionnel', 0, 16, 3),
(13, 7, 'Ambiance positive', 0, 10, 13),
(14, 5, 'Tâches répétitives', 0, 13, 4),
(15, 8, 'Formation continue proposée', 0, 6, 1),
(16, 6, 'Bonne intégration dans l''équipe', 0, 20, 8),
(17, 4, 'Manque de challenge', 0, 17, 2),
(18, 9, 'Projets innovants', 0, 5, 11),
(19, 7, 'Bonne gestion des projets', 0, 12, 6),
(20, 5, 'Ambiance détendue', 0, 9, 14),
(21, 8, 'Expérience formatrice', 0, 3, 13),
(22, 5, 'Bonne collaboration avec l''équipe', 0, 12, 9),
(23, 9, 'Très bon encadrement technique', 0, 16, 5),
(24, 6, 'Travail stimulant', 0, 19, 1),
(25, 7, 'Ambiance de travail agréable', 0, 8, 12),
(26, 3, 'Communication difficile avec la direction', 0, 7, 10),
(27, 10, 'Projet innovant et challengeant', 0, 5, 4),
(28, 4, 'Manque d organisation au sein du projet', 0, 14, 6),
(29, 8, 'Équipe dynamique', 0, 2, 3),
(30, 2, 'Stage décevant, manque de missions intéressantes', 0, 10, 14),
(31, 6, 'Bonne entente avec les collègues', 0, 13, 2),
(32, 9, 'Encadrement pédagogique', 0, 11, 1),
(33, 7, 'Bonne ambiance de travail', 0, 9, 12),
(34, 5, 'Tâches variées mais pas très stimulantes', 0, 18, 13),
(35, 8, 'Opportunités de formation continue', 0, 15, 7),
(36, 6, 'Intégration réussie dans l équipe', 0, 1, 14),
(37, 4, 'Manque de projets stimulants', 0, 17, 8),
(38, 9, 'Projets de R&D passionnants', 0, 6, 5),
(39, 7, 'Bonne gestion des ressources', 0, 20, 1),
(40, 5, 'Bonne relation avec les clients', 0, 4, 15),
(41, 8, 'Collaboration positive avec l équipe', 0, 9, 9),
(42, 5, 'Expérience formatrice mais répétitive', 0, 16, 3),
(43, 9, 'Bonne ambiance au sein du service', 0, 12, 12),
(44, 6, 'Projet stimulant mais avec des défis', 0, 7, 6),
(45, 7, 'Équipe soudée et professionnelle', 0, 3, 15),
(46, 3, 'Difficultés à trouver un équilibre', 0, 20, 4),
(47, 10, 'Encadrement de qualité', 0, 15, 1),
(48, 4, 'Manque de communication interne', 0, 13, 7),
(49, 8, 'Bonne expérience globale', 0, 11, 6),
(50, 2, 'Mission intéressante mais stressante', 0, 5, 11),
(51, 6, 'Bonne collaboration avec les clients', 0, 14, 5),
(52, 9, 'Projet innovant mais manque de ressources', 0, 2, 12),
(53, 7, 'Ambiance créative', 0, 8, 8),
(54, 5, 'Apprentissage continu', 0, 10, 10),
(55, 8, 'Mission variée mais défi à relever', 0, 1, 14),
(56, 6, 'Innovation dans les projets', 0, 4, 7),
(57, 4, 'Manque de support de la part de la direction', 0, 18, 11),
(58, 9, 'Projets diversifiés et stimulants', 0, 19, 2),
(59, 7, 'Bonne organisation interne', 0, 17, 9),
(60, 5, 'Environnement de travail agréable', 0, 6, 10),
(61, 8, 'Collaboration positive avec l équipe', 0, 8, 13),
(62, 5, 'Expérience formatrice mais répétitive', 0, 15, 9),
(63, 9, 'Bonne ambiance au sein du service', 0, 11, 6),
(64, 6, 'Projet stimulant mais avec des défis', 0, 9, 8),
(65, 7, 'Équipe soudée et professionnelle', 0, 2, 14),
(66, 3, 'Difficultés à trouver un équilibre', 0, 1, 11),
(67, 10, 'Encadrement de qualité', 0, 14, 2),
(68, 4, 'Manque de communication interne', 0, 11, 1),
(69, 8, 'Bonne expérience globale', 0, 16, 5),
(70, 2, 'Mission intéressante mais stressante', 0, 3, 14),
(71, 6, 'Bonne collaboration avec les clients', 0, 16, 3),
(72, 9, 'Projet innovant mais manque de ressources', 0, 20, 7),
(73, 7, 'Ambiance créative', 0, 7, 6),
(74, 5, 'Apprentissage continu', 0, 9, 12),
(75, 8, 'Mission variée mais défi à relever', 0, 1, 2),
(76, 6, 'Innovation dans les projets', 0, 13, 10),
(77, 4, 'Manque de support de la part de la direction', 0, 19, 5),
(78, 9, 'Projets diversifiés et stimulants', 0, 20, 1),
(79, 7, 'Bonne organisation interne', 0, 4, 9),
(80, 5, 'Environnement de travail agréable', 0, 9, 3),
(81, 8, 'Collaboration positive avec l équipe', 0, 15, 7),
(82, 5, 'Expérience formatrice mais répétitive', 0, 14, 1),
(83, 9, 'Bonne ambiance au sein du service', 0, 8, 12),
(84, 6, 'Projet stimulant mais avec des défis', 0, 5, 4),
(85, 7, 'Équipe soudée et professionnelle', 0, 7, 13),
(86, 3, 'Difficultés à trouver un équilibre', 0, 12, 6),
(87, 10, 'Encadrement de qualité', 0, 19, 2),
(88, 4, 'Manque de communication interne', 0, 17, 10),
(89, 8, 'Bonne expérience globale', 0, 6, 15),
(90, 2, 'Mission intéressante mais stressante', 0, 9, 9),
(91, 6, 'Bonne collaboration avec les clients', 0, 8, 8),
(92, 9, 'Projet innovant mais manque de ressources', 0, 13, 13),
(93, 7, 'Ambiance créative', 0, 19, 1),
(94, 5, 'Apprentissage continu', 0, 15, 14),
(95, 8, 'Mission variée mais défi à relever', 0, 10, 6),
(96, 6, 'Innovation dans les projets', 0, 7, 9),
(97, 4, 'Manque de support de la part de la direction', 0, 16, 15),
(98, 9, 'Projets diversifiés et stimulants', 0, 4, 8),
(99, 7, 'Bonne organisation interne', 0, 3, 11),
(100, 5, 'Environnement de travail agréable', 0, 2, 12);

insert into have_proms (ID_users, ID_promotions) values (1, 3);
insert into have_proms (ID_users, ID_promotions) values (2, 1);
insert into have_proms (ID_users, ID_promotions) values (3, 3);
insert into have_proms (ID_users, ID_promotions) values (4, 3);
insert into have_proms (ID_users, ID_promotions) values (5, 2);
insert into have_proms (ID_users, ID_promotions) values (6, 2);
insert into have_proms (ID_users, ID_promotions) values (7, 2);
insert into have_proms (ID_users, ID_promotions) values (8, 2);
insert into have_proms (ID_users, ID_promotions) values (9, 2);
insert into have_proms (ID_users, ID_promotions) values (10, 3);
insert into have_proms (ID_users, ID_promotions) values (11, 3);
insert into have_proms (ID_users, ID_promotions) values (12, 2);
insert into have_proms (ID_users, ID_promotions) values (13, 3);
insert into have_proms (ID_users, ID_promotions) values (14, 3);
insert into have_proms (ID_users, ID_promotions) values (15, 1);
insert into have_proms (ID_users, ID_promotions) values (19, 3);
insert into have_proms (ID_users, ID_promotions) values (19, 2);
insert into have_proms (ID_users, ID_promotions) values (17, 3);
insert into have_proms (ID_users, ID_promotions) values (17, 2);
insert into have_proms (ID_users, ID_promotions) values (20, 3);
insert into have_proms (ID_users, ID_promotions) values (20, 1);
insert into have_proms (ID_users, ID_promotions) values (18, 3);
insert into have_proms (ID_users, ID_promotions) values (19, 1);
insert into have_proms (ID_users, ID_promotions) values (21, 1);
insert into have_proms (ID_users, ID_promotions) values (21, 2);
insert into have_proms (ID_users, ID_promotions) values (21, 3);
insert into have_proms (ID_users, ID_promotions) values (22, 1);
insert into have_proms (ID_users, ID_promotions) values (22, 2);
insert into have_proms (ID_users, ID_promotions) values (22, 3);
insert into have_proms (ID_users, ID_promotions) values (23, 1);
insert into have_proms (ID_users, ID_promotions) values (23, 2);
insert into have_proms (ID_users, ID_promotions) values (23, 3);

insert into manage_company (ID_users, ID_company) values (19, 2);
insert into manage_company (ID_users, ID_company) values (18, 18);
insert into manage_company (ID_users, ID_company) values (16, 9);
insert into manage_company (ID_users, ID_company) values (19, 1);
insert into manage_company (ID_users, ID_company) values (17, 7);
insert into manage_company (ID_users, ID_company) values (18, 20);
insert into manage_company (ID_users, ID_company) values (17, 15);
insert into manage_company (ID_users, ID_company) values (20, 19);
insert into manage_company (ID_users, ID_company) values (19, 9);
insert into manage_company (ID_users, ID_company) values (16, 16);
insert into manage_company (ID_users, ID_company) values (19, 15);
insert into manage_company (ID_users, ID_company) values (20, 9);
insert into manage_company (ID_users, ID_company) values (18, 15);
insert into manage_company (ID_users, ID_company) values (19, 18);
insert into manage_company (ID_users, ID_company) values (17, 2);
insert into manage_company (ID_users, ID_company) values (17, 4);
insert into manage_company (ID_users, ID_company) values (16, 8);
insert into manage_company (ID_users, ID_company) values (18, 1);
insert into manage_company (ID_users, ID_company) values (16, 19);
insert into manage_company (ID_users, ID_company) values (20, 10);
insert into manage_company (ID_users, ID_company) values (19, 7);
insert into manage_company (ID_users, ID_company) values (15, 3), (15, 5), (15, 6), (15, 11), (15, 12), (15,13), (15,14);
insert into manage_company (ID_users, ID_company) values (21,1), (21,2), (21,3), (21,4), (21,5), (21,6), (21,7), (21,8), (21,9), (21,10), (21,11), (21,12), (21,13), (21,14), (21,15), (21,16), (21,17), (21,18), (21,19), (21,20), (22,1), (22,2), (22,3), (22,4), (22,5), (22,6), (22,7), (22,8), (22,9), (22,10), (22,11), (22,12), (22,13), (22,14), (22,15), (22,16), (22,17), (22,18), (22,19), (22,20), (23,1), (23,2), (23,3), (23,4), (23,5), (23,6), (23,7), (23,8), (23,9), (23,10), (23,11), (23,12), (23,13), (23,14), (23,15), (23,16), (23,17), (23,18), (23,19), (23,20);

INSERT INTO appliement_wishlist (Status, Del, ID_users, ID_internship) VALUES
(1,0,1, 6),
(2,0,6, 17),
(3,0,4, 24),
(1,0,5, 11),
(1,0,6, 3),
(2,0,7, 22),
(2,0,8, 14),
(5,0,9, 19),
(2,0,10, 8),
(2,0,11, 5),
(1,0,12, 20),
(2,0,13, 16),
(3,0,14, 10),
(1,0,15, 23),
(1,0,5, 2),
(1,0,11, 18),
(1,0,8, 12),
(2,0,1, 7),
(2,0,10, 25),
(2,0,4, 1),
(3,0,6, 21),
(5,0,9, 15),
(5,0,8, 13),
(5,0,14, 4),
(4,0,7, 6),
(4,0,3, 9),
(3,0,12, 24),
(2,0,15, 16),
(2,0,13, 11);


insert into seek (ID_internship, ID_skill) values (1, 8);
insert into seek (ID_internship, ID_skill) values (2, 11);
insert into seek (ID_internship, ID_skill) values (3, 20);
insert into seek (ID_internship, ID_skill) values (4, 17);
insert into seek (ID_internship, ID_skill) values (5, 5);
insert into seek (ID_internship, ID_skill) values (6, 23);
insert into seek (ID_internship, ID_skill) values (7, 16);
insert into seek (ID_internship, ID_skill) values (8, 2);
insert into seek (ID_internship, ID_skill) values (9, 25);
insert into seek (ID_internship, ID_skill) values (10, 4);
insert into seek (ID_internship, ID_skill) values (11, 19);
insert into seek (ID_internship, ID_skill) values (12, 12);
insert into seek (ID_internship, ID_skill) values (13, 22);
insert into seek (ID_internship, ID_skill) values (14, 10);
insert into seek (ID_internship, ID_skill) values (15, 1);
insert into seek (ID_internship, ID_skill) values (16, 9);
insert into seek (ID_internship, ID_skill) values (17, 15);
insert into seek (ID_internship, ID_skill) values (18, 3);
insert into seek (ID_internship, ID_skill) values (19, 24);
insert into seek (ID_internship, ID_skill) values (20, 18);
insert into seek (ID_internship, ID_skill) values (21, 21);
insert into seek (ID_internship, ID_skill) values (22, 7);
insert into seek (ID_internship, ID_skill) values (23, 14);
insert into seek (ID_internship, ID_skill) values (24, 6);
insert into seek (ID_internship, ID_skill) values (25, 13);

insert into seek (ID_internship, ID_skill) values (1, 20);
insert into seek (ID_internship, ID_skill) values (2, 3);
insert into seek (ID_internship, ID_skill) values (3, 13);
insert into seek (ID_internship, ID_skill) values (4, 9);
insert into seek (ID_internship, ID_skill) values (5, 18);
insert into seek (ID_internship, ID_skill) values (6, 12);
insert into seek (ID_internship, ID_skill) values (7, 6);
insert into seek (ID_internship, ID_skill) values (8, 8);
insert into seek (ID_internship, ID_skill) values (9, 22);
insert into seek (ID_internship, ID_skill) values (10, 16);
insert into seek (ID_internship, ID_skill) values (11, 2);
insert into seek (ID_internship, ID_skill) values (12, 7);
insert into seek (ID_internship, ID_skill) values (13, 17);
insert into seek (ID_internship, ID_skill) values (14, 11);
insert into seek (ID_internship, ID_skill) values (15, 14);
insert into seek (ID_internship, ID_skill) values (16, 23);
insert into seek (ID_internship, ID_skill) values (17, 21);
insert into seek (ID_internship, ID_skill) values (18, 10);
insert into seek (ID_internship, ID_skill) values (19, 22);
insert into seek (ID_internship, ID_skill) values (20, 1);
insert into seek (ID_internship, ID_skill) values (21, 19);
insert into seek (ID_internship, ID_skill) values (22, 15);
insert into seek (ID_internship, ID_skill) values (23, 24);
insert into seek (ID_internship, ID_skill) values (24, 5);
insert into seek (ID_internship, ID_skill) values (25, 4);


insert into seek (ID_internship, ID_skill) values (1, 6);
insert into seek (ID_internship, ID_skill) values (2, 1);
insert into seek (ID_internship, ID_skill) values (3, 17);
insert into seek (ID_internship, ID_skill) values (4, 12);
insert into seek (ID_internship, ID_skill) values (5, 6);
insert into seek (ID_internship, ID_skill) values (6, 3);
insert into seek (ID_internship, ID_skill) values (7, 20);
insert into seek (ID_internship, ID_skill) values (8, 11);
insert into seek (ID_internship, ID_skill) values (9, 2);
insert into seek (ID_internship, ID_skill) values (10, 8);
insert into seek (ID_internship, ID_skill) values (11, 10);
insert into seek (ID_internship, ID_skill) values (12, 25);
insert into seek (ID_internship, ID_skill) values (13, 9);
insert into seek (ID_internship, ID_skill) values (14, 16);
insert into seek (ID_internship, ID_skill) values (15, 22);
insert into seek (ID_internship, ID_skill) values (16, 25);
insert into seek (ID_internship, ID_skill) values (17, 18);
insert into seek (ID_internship, ID_skill) values (18, 7);
insert into seek (ID_internship, ID_skill) values (19, 23);
insert into seek (ID_internship, ID_skill) values (20, 16);
insert into seek (ID_internship, ID_skill) values (21, 17);
insert into seek (ID_internship, ID_skill) values (22, 12);
insert into seek (ID_internship, ID_skill) values (23, 13);
insert into seek (ID_internship, ID_skill) values (24, 14);
insert into seek (ID_internship, ID_skill) values (25, 10);
